<addon id="repository.webshare"
       name="Webshare Repository"
       version="1.0.0"
       provider-name="Ty"
       type="xbmc.addon.repository">
  <extension point="xbmc.addon.repository"
             name="Webshare Repository"
             version="1.0.0">
    <info compressed="false">https://raw.githubusercontent.com/KubaPolreich/kodi-webshare/main/repository.webshare/addons.xml</info>
    <checksum>https://raw.githubusercontent.com/KubaPolreich/kodi-webshare/main/repository.webshare/addons.xml.md5</checksum>
    <datadir>https://raw.githubusercontent.com/KubaPolreich/kodi-webshare/main/repository.webshare/zips/</datadir>
  </extension>
</addon>